name,category,serving_size_g,energy_kcal,energy_kj,protein_g,carbohydrates_g,sugars_g,fat_g,saturated_fat_g,fibre_g,salt_g
Big Mac,whats-new,,509,2127,27,41,8.1,25,9.6,3.4,2.0
Big Rosti,whats-new,,803,3349,37,59,7.8,46,14,5.2,3.2
Maple & Cheddar Chicken,whats-new,,642,2692,29,70,18,27,5.5,3.7,2.7
Paprika Shaker Fries- Medium,whats-new,,345,1445,3.6,43,1.7,17,1.5,4.0,1.3
Paprika Shaker Fries- Large,whats-new,,452,1890,4.6,56,1.9,22,2.0,5.1,1.5
Mac and Cheese Triangles,whats-new,,226,949,7.2,24,0.9,11,3.7,1.2,1.0
Mac and Cheese Triangles Sharebox®,whats-new,,679,2846,22,71,2.8,33,11,3.7,3.0
S'mores McFlurry®,whats-new,,338,1420,6.0,51,42,12,7.5,2.1,0.43
S'mores Mini McFlurry®,whats-new,,169,710,3.0,26,21,5.8,3.7,1.0,0.22
Szechuan Dip,whats-new,,91,384,1.4,16,16,2.1,0.9,0.5,1.5
Guava x Sprite® Zero,whats-new,,6,27,0.1,0.3,0.0,0.0,0.0,0.0,0.05
Chicken & Egg McMuffin ®,whats-new,,396,1660,22,38,3.0,17,4.6,2.2,1.4
Chicken & Bacon McMuffin®,whats-new,,363,1524,20,37,2.9,15,4.1,2.2,1.6
McCrispy®,chicken,,484,2031,26,53,6.9,18,2.0,3.7,1.9
Cheese & Bacon McCrispy®,chicken,,578,2421,33,55,7.7,24,5.3,3.7,2.7
Spicy McCrispy®,chicken,,486,2039,26,53,6.2,18,2.0,3.6,2.0
The McDonald's Chicken Sharebox®,chicken,,1193,4970,77,85,1.1,59,6.2,5.4,4.3
9 Chicken Selects Sharebox®,chicken,,1008,4181,70,66,0.0,50,4.9,4.1,4.7
Chicken Selects (5 pieces),chicken,,560,2323,39,36,0.0,28,2.7,2.3,2.6
Chicken Selects (3 pieces),chicken,,336,1394,23,22,0.0,17,1.6,1.4,1.6
20 Chicken McNuggets ShareBox,chicken,,869,3638,50,68,1.9,43,4.9,4.5,1.9
Chicken McNuggets (9 pieces),chicken,,391,1637,22,31,0.9,19,2.2,2.0,0.86
Chicken McNuggets (6 pieces),chicken,,261,1092,15,21,0.6,13,1.5,1.4,0.57
The Tikka Chicken One - Crispy,chicken,,455,1902,21,50,4.2,18,2.0,4.8,1.8
Crispy Sweet Chilli Chicken Wrap,chicken,,453,1894,21,53,6.5,16,1.9,4.7,1.9
Crispy BBQ & Bacon Wrap,chicken,,477,1994,23,54,6.3,18,2.5,4.6,2.1
McChicken Sandwich,chicken,,371,1558,17,41,7.0,15,1.5,2.7,1.2
Mayo Chicken,chicken,,282,1186,12,36,5.1,9.4,1.0,2.1,0.92
Crispy Chicken Salad,chicken,,355,1483,21,24,3.7,18,3.5,3.5,1.3
Crispy Chicken & Bacon Salad,chicken,,401,1676,26,25,3.8,21,4.5,3.5,1.7
Big Arch,burgers,,1057,4406,57,54,15,67,26,4.0,4.1
Double Quarter Pounder with Cheese,burgers,,749,3126,50,36,11,44,20,2.5,2.8
Quarter Pounder with Cheese,burgers,,514,2148,31,36,11,27,13,2.3,2.3
Double Cheeseburger,burgers,,452,1886,27,31,8.2,24,11,2.2,2.1
Cheeseburger,burgers,,303,1269,16,30,7.5,13,5.8,2.1,1.4
Hamburger,burgers,,255,1072,13,29,6.9,9.2,3.5,2.1,1.1
Double Filet-O-Fish®,burgers,,453,1897,24,45,5.9,19,3.7,2.5,2.1
Filet-O-Fish,burgers,,316,1324,14,36,5.4,13,2.1,2.2,1.4
McPlant,burgers,,426,1783,19,40,11,20,6.5,4.2,2.1
Mini Hashbrown Sharebox®,made-for-sharing,,316,1318,2.8,34,0.6,18,1.3,3.8,1.1
Fries Small,saver-menu,,237,990,2.3,29,0.4,12,1.1,2.6,0.44
Chocolate Milkshake Small,saver-menu,,192,808,5.9,32,27,4.1,2.8,1.1,0.35
Strawberry Milkshake Small,saver-menu,,188,792,5.5,33,30,3.7,2.6,0.7,0.22
Banana Milkshake Small,saver-menu,,191,807,5.5,34,30,3.7,2.6,0.7,0.20
Vanilla Milkshake Small,saver-menu,,192,810,5.5,34,31,3.7,2.6,0.7,0.21
White Coffee Regular,saver-menu,,54,229,4.1,5.5,4.7,1.8,1.1,0.0,0.11
Americano,saver-menu,,6,23,0.6,0.8,0.0,0.0,0.0,0.0,0.01
Coca-Cola Zero Sugar Small,saver-menu,,1,4,0.0,0.0,0.0,0.0,0.0,0.0,0.07
Diet Coke Small,saver-menu,,1,4,0.0,0.0,0.0,0.0,0.0,0.0,0.05
Sprite Zero Small,saver-menu,,3,13,0.1,0.0,0.0,0.0,0.0,0.0,0.03
Fanta Orange Zero - Small,saver-menu,,3,13,0.0,0.0,0.0,0.0,0.0,0.0,0.00
Irn Bru Small,saver-menu,,48,203,0.0,11,11,0.0,0.0,0.0,0.00
Oasis Zero Summer Fruits - Small,saver-menu,,7,37,0.0,1.2,1.2,0.0,0.0,0.0,0.20
Coca-Cola Small,saver-menu,,106,451,0.0,27,27,0.0,0.0,0.0,0.00
Oreo McFlurry (Mini),saver-menu,,130,547,2.6,19,16,4.5,3.0,0.9,0.15
Smarties Mini McFlurry,saver-menu,,137,574,2.6,20,18,5.0,3.3,0.7,0.09
Shaker Side Salad,wraps-and-salads,,58,241,1.2,3.8,1.7,4.0,1.1,1.2,0.14
Fries Medium,vegetarian,,337,1410,3.3,42,0.6,17,1.5,3.6,0.62
Oreo McFlurry (Regular),vegetarian,,260,1093,5.2,39,32,9.0,6.0,1.7,0.30
Smarties McFlurry®,vegetarian,,273,1148,5.2,40,37,10.0,6.7,1.5,0.19
Chocolate Brownie,vegetarian,,278,1163,3.2,29,24,16,6.3,1.6,0.04
Mixed Berry Muffin,vegetarian,,298,1255,5.0,48,25,7.6,1.1,5.2,0.43
Sugar Donut,vegetarian,,197,823,3.5,21,5.7,11,4.6,0.8,0.33
Carrot Sticks,vegetarian,,34,141,0.5,6.2,5.8,0.2,0.1,2.4,0.08
Apple Slices,vegetarian,,46,194,0.3,10,10,0.1,0.0,1.8,0.00
Spicy Mayo Dip,condiments-and-sauces,,109,449,0.3,3.0,1.2,11,0.7,0.2,0.84
Sweet Chilli Dip - 40g,condiments-and-sauces,,71,299,0.1,17,14,0.4,0.1,0.3,0.56
Garlic Mayo Dip,condiments-and-sauces,,118,486,0.4,3.0,0.8,12,0.9,0.2,0.36
Sweet & Smoky BBQ Dip - 40g,condiments-and-sauces,,60,256,0.4,15,14,0.0,0.0,0.0,0.52
Tomato Ketchup - 25g,condiments-and-sauces,,27,114,0.3,6.0,4.6,0.1,0.0,0.6,0.53
Sweet Curry Dip - 25g,condiments-and-sauces,,47,207,0.3,10,8.0,0.4,0.0,0.6,0.32
BBQ Dip - 25g,condiments-and-sauces,,49,207,0.3,11,9.3,0.3,0.0,0.4,0.54
Sweet & Sour Dip - 25ml,condiments-and-sauces,,44,185,0.1,10,8.7,0.2,0.0,0.4,0.21
Milk Portion,condiments-and-sauces,,5,22,0.4,0.5,0.5,0.2,0.1,0.0,0.01
Canderel Yellow Sweetener Sachet,condiments-and-sauces,,2,8,0.0,0.4,0.4,0.0,0.0,0.0,0.00
Sugar Stick,condiments-and-sauces,,12,51,0.0,3.0,3.0,0.0,0.0,0.0,0.00
Strawberry Jam - 15g,condiments-and-sauces,,39,166,0.1,9.6,9.6,0.0,0.0,0.2,0.00
Lurpak Spreadable,condiments-and-sauces,,54,223,0.0,0.0,0.0,6.0,2.8,0.0,0.07
Golden Syrup,condiments-and-sauces,,63,270,0.1,16,16,0.0,0.0,0.0,0.14
Pancake Syrup - 40g,condiments-and-sauces,,132,560,0.0,33,25,0.1,0.0,0.0,0.00
Vanilla Syrup - Medium,condiments-and-sauces,,35,150,0.0,8.8,8.4,0.0,0.0,0.0,0.00
Salted Caramel Syrup - Medium,condiments-and-sauces,,38,156,0.0,9.2,9.0,0.0,0.0,0.0,0.27
Double Sausage Sandwich with Ketchup,breakfast,,455,1848,28,31,8.5,24,9.0,2.5,2.4
Double Sausage Sandwich with Brown Sauce,breakfast,,458,1914,28,31,9.0,24,9.0,2.3,2.3
Breakfast Wrap with Ketchup,breakfast,,661,2766,35,52,5.9,34,10,5.3,2.6
Breakfast Wrap with Brown Sauce,breakfast,,666,2785,35,53,6.7,34,10,4.8,2.3
Double Bacon & Egg McMuffin,breakfast,,377,1575,24,27,2.7,19,6.7,1.8,1.8
Double Sausage & Egg McMuffin,breakfast,,552,2303,36,28,3.7,33,11,2.5,2.3
Sausage & Egg McMuffin,breakfast,,424,1770,25,27,3.1,23,8.2,2.1,1.6
Bacon & Egg McMuffin,breakfast,,336,1406,20,27,2.6,16,5.8,1.8,1.4
Egg & Cheese McMuffin,breakfast,,296,1237,15,27,2.6,14,5.0,1.8,0.96
Muffin & Jam,breakfast,,214,903,5.5,35,11,5.6,1.4,1.9,0.44
Sausage Sandwich with Ketchup,breakfast,,327,1370,18,30,8.0,15,5.7,2.2,1.7
Sausage Sandwich with Brown Sauce,breakfast,,330,1381,17,31,8.5,15,5.7,1.9,1.6
Cheesy Bacon Flatbread,breakfast,,280,1171,14,28,2.4,12,5.9,1.4,1.5
Pancakes & Syrup,breakfast,,464,1967,9.0,98,41,3.2,0.5,2.8,1.4
Pancakes & Sausage with Syrup,breakfast,,592,2499,19,99,41,12,3.8,3.2,2.1
Hash Brown,breakfast,,127,532,1.1,13,0.2,7.4,0.7,1.2,0.64
Porridge,breakfast,,154,653,7.8,23,6.4,3.0,1.3,1.9,0.17
Porridge with Sugar,breakfast,,206,871,9.0,31,12,4.3,2.0,2.5,0.26
Porridge with Strawberry Jam,breakfast,,233,986,9.0,37,18,4.3,2.0,2.7,0.26
Porridge with Golden Syrup,breakfast,,326,1380,9.0,61,34,4.3,2.0,2.5,0.26
Flahavan's Quick Oats,breakfast,,194,820,9.0,28,8.8,4.3,2.0,2.5,0.26
Tropicana® Apple Juice,breakfast-saver-menu,,115,488,0.5,28,25,0.0,0.0,1.5,0.00
Tropicana Orange Juice,breakfast-saver-menu,,100,430,2.0,23,22,0.0,0.0,0.0,0.00
Green Apple X Sprite,milkshakes-and-cold-drinks,,6,27,0.1,0.2,0.0,0.0,0.0,0.0,0.05
Frozen Strawberry Lemonade Regular,milkshakes-and-cold-drinks,,0,0,0.0,0.0,0.0,0.0,0.0,0.0,0.00
Caramel Iced Frappe Regular,milkshakes-and-cold-drinks,,319,1337,6.4,38,33,16,10,0.7,0.31
Mango & Pineapple Iced Fruit Smoothie Regular,milkshakes-and-cold-drinks,,153,653,1.2,34,32,0.5,0.1,1.5,0.10
Coca-Cola®  Zero Sugar Medium,milkshakes-and-cold-drinks,,1,6,0.0,0.0,0.0,0.0,0.0,0.0,0.10
Diet Coke Medium,milkshakes-and-cold-drinks,,1,6,0.0,0.0,0.0,0.0,0.0,0.0,0.07
Sprite Zero Medium,milkshakes-and-cold-drinks,,4,20,0.1,0.0,0.0,0.0,0.0,0.0,0.05
Fanta Orange Zero - Regular,milkshakes-and-cold-drinks,,4,20,0.0,0.0,0.0,0.0,0.0,0.0,0.00
Oasis Zero Summer Fruits - Regular,milkshakes-and-cold-drinks,,12,60,0.0,2.0,2.0,0.0,0.0,0.0,0.32
Coca-Cola Medium,milkshakes-and-cold-drinks,,170,721,0.0,42,42,0.0,0.0,0.0,0.00
Irn Bru Medium,milkshakes-and-cold-drinks,,76,324,0.0,18,18,0.0,0.0,0.0,0.00
Chocolate Milkshake Medium,milkshakes-and-cold-drinks,,364,1536,11,61,50,7.8,5.3,2.1,0.66
Strawberry Milkshake Medium,milkshakes-and-cold-drinks,,356,1501,11,62,57,7.0,4.9,1.3,0.41
Banana Milkshake Medium,milkshakes-and-cold-drinks,,357,1507,11,62,58,7.0,4.9,1.3,0.39
Vanilla Milkshake Medium,milkshakes-and-cold-drinks,,366,1543,11,64,60,7.0,4.9,1.3,0.40
Organic Milk,milkshakes-and-cold-drinks,,125,524,9.0,12,12,4.5,2.8,0.0,0.28
Robinsons Fruit Shoot,milkshakes-and-cold-drinks,,8,36,0.0,1.6,1.6,0.0,0.0,0.0,0.06
Semi Skimmed Milk – 250ml,milkshakes-and-cold-drinks,,122,512,8.3,12,12,3.7,2.5,0.0,0.37
Brecon Carreg Natural Mineral Water (Still)  - 330ml,milkshakes-and-cold-drinks,,0,0,0.0,0.0,0.0,0.0,0.0,0.0,0.00
Glaceau Smartwater® (Still) 600ml,milkshakes-and-cold-drinks,,0,0,0.0,0.0,0.0,0.0,0.0,0.0,0.00
Deep RiverRock Water - 330ml,milkshakes-and-cold-drinks,,0,0,0.0,0.0,0.0,0.0,0.0,0.0,0.00
Deep RiverRock Water - 500ml,milkshakes-and-cold-drinks,,0,0,0.0,0.0,0.0,0.0,0.0,0.0,0.00
Flat White,mccafe,,86,362,6.3,8.4,8.2,3.1,1.9,0.0,0.19
Latte Regular,mccafe,,145,610,11,14,14,5.2,3.2,0.0,0.32
Cappuccino Regular,mccafe,,89,372,6.4,8.6,8.6,3.4,2.1,0.0,34.294484
Double Espresso,mccafe,,1,5,0.1,0.2,0.0,0.0,0.0,0.0,0.00
Espresso Single,mccafe,,1,3,0.1,0.1,0.0,0.0,0.0,0.0,0.00
Hot Chocolate Regular,mccafe,,173,727,2.2,30,27,4.3,2.2,2.3,0.57
Tea (Regular),mccafe,,6,26,0.4,0.8,0.5,0.2,0.1,0.0,0.01
Apple Pie,desserts,,243,1016,2.3,27,9.2,14,3.0,1.0,0.31